{
  "Naive Bayes": {
    "accuracy": 0.7,
    "precision": 0.7125,
    "recall": 0.7,
    "f1": 0.698901098901099,
    "confusion_matrix": [
      [
        4,
        2,
        1
      ],
      [
        1,
        5,
        0
      ],
      [
        1,
        1,
        5
      ]
    ]
  },
  "Logistic Regression": {
    "accuracy": 0.7,
    "precision": 0.7125,
    "recall": 0.7,
    "f1": 0.698901098901099,
    "confusion_matrix": [
      [
        4,
        2,
        1
      ],
      [
        1,
        5,
        0
      ],
      [
        1,
        1,
        5
      ]
    ]
  },
  "SVM": {
    "accuracy": 0.65,
    "precision": 0.66875,
    "recall": 0.65,
    "f1": 0.6385281385281385,
    "confusion_matrix": [
      [
        3,
        2,
        2
      ],
      [
        0,
        5,
        1
      ],
      [
        1,
        1,
        5
      ]
    ]
  }
}