{
  "dataset_size": 100,
  "train_size": 79,
  "test_size": 20,
  "labels": [
    "negative",
    "neutral",
    "positive"
  ],
  "class_weights": {
    "negative": 0.9753086419753086,
    "neutral": 1.0128205128205128,
    "positive": 1.0128205128205128
  },
  "preprocessing": "improved (negation preserved, n-grams)",
  "vectorizer_config": {
    "max_features": 5000,
    "ngram_range": [
      1,
      2
    ],
    "min_df": 1,
    "max_df": 0.95
  },
  "models": [
    {
      "name": "Naive Bayes",
      "accuracy": 0.55,
      "precision": 0.7115384615384616,
      "recall": 0.5634920634920635,
      "f1_score": 0.5572567783094099,
      "confusion_matrix": [
        [
          5,
          0,
          1
        ],
        [
          4,
          3,
          0
        ],
        [
          4,
          0,
          3
        ]
      ],
      "per_class_metrics": {
        "negative": {
          "precision": 0.38461538461538464,
          "recall": 0.8333333333333334,
          "f1_score": 0.5263157894736842,
          "support": 6
        },
        "neutral": {
          "precision": 1.0,
          "recall": 0.42857142857142855,
          "f1_score": 0.6,
          "support": 7
        },
        "positive": {
          "precision": 0.75,
          "recall": 0.42857142857142855,
          "f1_score": 0.5454545454545454,
          "support": 7
        }
      }
    },
    {
      "name": "Logistic Regression",
      "accuracy": 0.6,
      "precision": 0.615079365079365,
      "recall": 0.5952380952380952,
      "f1_score": 0.5856643356643357,
      "confusion_matrix": [
        [
          3,
          2,
          1
        ],
        [
          1,
          6,
          0
        ],
        [
          3,
          1,
          3
        ]
      ],
      "per_class_metrics": {
        "negative": {
          "precision": 0.42857142857142855,
          "recall": 0.5,
          "f1_score": 0.46153846153846156,
          "support": 6
        },
        "neutral": {
          "precision": 0.6666666666666666,
          "recall": 0.8571428571428571,
          "f1_score": 0.75,
          "support": 7
        },
        "positive": {
          "precision": 0.75,
          "recall": 0.42857142857142855,
          "f1_score": 0.5454545454545454,
          "support": 7
        }
      }
    },
    {
      "name": "SVM",
      "accuracy": 0.6,
      "precision": 0.615079365079365,
      "recall": 0.5952380952380952,
      "f1_score": 0.5856643356643357,
      "confusion_matrix": [
        [
          3,
          2,
          1
        ],
        [
          1,
          6,
          0
        ],
        [
          3,
          1,
          3
        ]
      ],
      "per_class_metrics": {
        "negative": {
          "precision": 0.42857142857142855,
          "recall": 0.5,
          "f1_score": 0.46153846153846156,
          "support": 6
        },
        "neutral": {
          "precision": 0.6666666666666666,
          "recall": 0.8571428571428571,
          "f1_score": 0.75,
          "support": 7
        },
        "positive": {
          "precision": 0.75,
          "recall": 0.42857142857142855,
          "f1_score": 0.5454545454545454,
          "support": 7
        }
      }
    }
  ],
  "best_model": "Logistic Regression",
  "best_accuracy": 0.6
}